{
  "cv_metrics": {
    "Hybrid (Quad Trend + SES Residuals)": {
      "mae": 9767.287341055344,
      "rmse": 12492.99053919892,
      "mape": 104.59911273057621,
      "n_folds": 6.0
    },
    "SMA (3-month)": {
      "mae": 6218.7074999999995,
      "rmse": 7199.243419368511,
      "mape": 137.64024657713833,
      "n_folds": 6.0
    },
    "ARIMA (auto)": {
      "mae": 6351.0490125682545,
      "rmse": 6855.263527597395,
      "mape": 142.98517901066674,
      "n_folds": 6.0
    },
    "SARIMA (1,1,1)(0,0,0)": {
      "mae": 6911.180616010234,
      "rmse": 7359.242380424313,
      "mape": 153.26666925263712,
      "n_folds": 6.0
    },
    "EMA (span=3)": {
      "mae": 7198.754835205079,
      "rmse": 8245.93473778146,
      "mape": 157.28255849392104,
      "n_folds": 6.0
    },
    "Theta Method": {
      "mae": 7540.067559142124,
      "rmse": 8517.614870969323,
      "mape": 169.26484568401747,
      "n_folds": 6.0
    },
    "Prophet (+ stimulus)": {
      "mae": 8414.076759525065,
      "rmse": 8818.786786813289,
      "mape": 173.07827805254314,
      "n_folds": 6.0
    },
    "Na\u00efve (Last Value)": {
      "mae": 8665.828749999999,
      "rmse": 10201.135797256997,
      "mape": 174.66385033944647,
      "n_folds": 6.0
    },
    "VAR (loss+cb+vol)": {
      "mae": 8665.828749999999,
      "rmse": 10201.135797256997,
      "mape": 174.66385033944647,
      "n_folds": 6.0
    },
    "Holt's Damped Trend": {
      "mae": 6749.9671004163865,
      "rmse": 8002.828273146363,
      "mape": 176.98767805545467,
      "n_folds": 6.0
    },
    "Holt's Linear": {
      "mae": 7271.746440288179,
      "rmse": 8398.151225306961,
      "mape": 186.81010359571204,
      "n_folds": 6.0
    },
    "Drift Method": {
      "mae": 9050.12871875,
      "rmse": 10689.81974751758,
      "mape": 188.75243770608995,
      "n_folds": 6.0
    }
  },
  "forecasts": {
    "ARIMA": {
      "monthly": [
        8685.048049001776,
        8685.048049001776,
        8685.048049001776,
        8685.048049001776,
        8685.048049001776,
        8685.048049001776,
        8685.048049001776,
        8685.048049001776,
        8685.048049001776,
        8685.048049001776,
        8685.048049001776,
        8685.048049001776
      ],
      "annual_total": 104220.57658802133,
      "monthly_avg": 8685.048049001778
    },
    "SARIMA": {
      "monthly": [
        7287.815201714289,
        8846.060946102092,
        8643.736308606545,
        8670.006400525703,
        8666.595457904064,
        8667.038339093971,
        8666.980834828984,
        8666.988301256928,
        8666.987331806293,
        8666.987457681014,
        8666.987441337278,
        8666.98744345937
      ],
      "annual_total": 102783.17146431652,
      "monthly_avg": 8565.264288693043
    },
    "Holt's Linear": {
      "monthly": [
        8809.726744038988,
        8670.735729597092,
        8531.744715155199,
        8392.753700713303,
        8253.76268627141,
        8114.771671829515,
        7975.7806573876205,
        7836.789642945727,
        7697.798628503832,
        7558.807614061938,
        7419.816599620044,
        7280.825585178149
      ],
      "annual_total": 96543.31397530281,
      "monthly_avg": 8045.276164608567
    },
    "Holt's Damped": {
      "monthly": [
        9114.130022620406,
        9078.83806453972,
        9048.3818544016,
        9022.098792015071,
        8999.41706749054,
        8979.843221039891,
        8962.951407348246,
        8948.374130954837,
        8935.794251083506,
        8924.93808198125,
        8915.569438656976,
        8907.484498480493
      ],
      "annual_total": 107837.82083061255,
      "monthly_avg": 8986.485069217711
    },
    "Theta": {
      "monthly": [
        14360.178089209234,
        14378.61839952392,
        14397.058709838606,
        14415.499020153291,
        14433.939330467978,
        14452.379640782663,
        14470.819951097348,
        14489.260261412035,
        14507.70057172672,
        14526.140882041405,
        14544.581192356092,
        14563.021502670777
      ],
      "annual_total": 173539.19755128006,
      "monthly_avg": 14461.599795940005
    },
    "Prophet (+stim)": {
      "monthly": [
        9810.829489798229,
        10874.804447738396,
        24929.59922586818,
        11535.97419848667,
        11872.162207341726,
        12219.556483158618,
        12555.744492013671,
        12903.13876783056,
        13250.533043647452,
        13586.721052502508,
        13934.115328319398,
        14270.303337174457
      ],
      "annual_total": 161743.48207387986,
      "monthly_avg": 13478.623506156655
    },
    "VAR": {
      "monthly": [
        0.0,
        18759.01318267125,
        1265.9384224720634,
        9618.8169083523,
        11722.650076499001,
        264.9507523478478,
        17741.50739846922,
        0.0,
        14346.77790829078,
        5923.127755373842,
        5709.584000203084,
        13964.471159834173
      ],
      "annual_total": 99316.83756451357,
      "monthly_avg": 8276.403130376131
    },
    "Hybrid (Quad+SES)": {
      "monthly": [
        9886.483987466192,
        10039.747693759904,
        10209.637555148522,
        10396.153571632045,
        10599.295743210474,
        10819.064069883809,
        11055.458551652051,
        11308.479188515197,
        11578.125980473249,
        11864.398927526208,
        12167.298029674072,
        12486.823286916842
      ],
      "annual_total": 132410.96658585858,
      "monthly_avg": 11034.247215488214
    },
    "Bottom-Up ML": {
      "monthly": [
        19069.662749380368,
        18852.84648392262,
        18638.495353458868,
        18426.581330153986,
        18217.07670484082,
        18009.95408339702,
        17805.186383163073,
        17602.74682940107,
        17402.60895179372,
        17204.746580983207,
        17009.13384514933,
        16815.74516662663
      ],
      "annual_total": 215054.7844622707,
      "monthly_avg": 17921.232038522558
    },
    "Weighted Ensemble": {
      "monthly": [
        10509.384575092245,
        10782.813875104595,
        13719.745160119826,
        11046.460662896865,
        11187.8734094915,
        11337.207564865397,
        11489.877608077772,
        11650.469060069408,
        11816.689160369915,
        11986.2451485089,
        12163.722545427147,
        12344.535830183871
      ],
      "annual_total": 140035.02460020746,
      "monthly_avg": 11669.58538335062
    },
    "Simple Ensemble (all)": {
      "monthly": [
        9669.319370358831,
        12020.63477742853,
        11594.404465994598,
        11018.103552337128,
        11272.216369225309,
        10023.622923392792,
        11991.053080551334,
        10048.980574590903,
        11674.597190703038,
        10771.212933461462,
        10783.570436035337,
        11737.856669926963
      ],
      "annual_total": 132605.5723440062,
      "monthly_avg": 11050.464362000517
    }
  }
}